chr,pos,pval,mac,eff_size,SE
1,73,0.16780603,9,-0.12974,4.500449
1,92,0.11668092,43,-0.081594646,3.3440695
1,110,0.061635703,6,-0.20453392,4.8649526
1,125,0.0061543593,8,-0.27408332,4.667335
1,253,0.11995971,9,-0.1426114,4.445491
1,346,0.045602284,34,0.12608944,3.6846902
1,363,0.84410185,14,0.014275705,3.9429994
1,425,0.29495776,10,0.09649566,4.4505715
1,471,0.29495776,10,0.09649566,4.4505715
1,502,0.42248884,42,0.044343386,3.4397311
1,508,0.9320603,49,0.004400868,3.3223135
1,530,0.9409188,6,0.009746123,5.31581
1,597,0.9409188,6,0.009746123,5.31581
1,603,0.21645693,7,-0.14456606,5.020645
1,626,0.9409188,6,0.009746123,5.31581
1,657,0.048707318,33,0.12572561,3.7050536
1,698,0.8838361,68,0.0074037574,3.2909317
1,730,0.045602284,34,0.12608944,3.6846902
1,755,0.8838361,68,0.0074037574,3.2909317
1,953,0.035661876,33,0.1335622,3.7020683
1,956,0.9665723,9,0.0040858556,4.5724626
1,1016,0.035661876,33,0.1335622,3.7020683
1,1045,0.0061543593,8,-0.27408332,4.667335
1,1143,0.21645693,7,-0.14456606,5.020645
1,1150,0.21645693,7,-0.14456606,5.020645
1,1260,0.035661876,33,0.1335622,3.7020683
1,1287,0.21645693,7,-0.14456606,5.020645
1,1645,0.4664654,15,-0.045648836,3.6650958
1,1646,0.4664654,15,-0.045648836,3.6650958
1,2309,0.035661876,33,0.1335622,3.7020683
1,2310,0.035661876,33,0.1335622,3.7020683
1,2554,0.94491637,13,-0.0052815517,4.04589
1,2673,0.94611335,16,-0.0041019004,3.6082606
1,2748,0.21645693,7,-0.14456606,5.020645
1,2826,0.21645693,7,-0.14456606,5.020645
1,2881,0.21645693,7,-0.14456606,5.020645
1,3102,0.23777367,35,0.06872022,3.5321681
1,4648,0.048385393,35,0.12278343,3.6588311
1,4880,0.21145512,17,-0.09411661,4.022723
1,5936,0.21645693,7,-0.14456606,5.020645
1,5975,0.2429394,8,-0.12573129,4.814548
1,6059,0.053296015,35,0.11902353,3.6402085
1,6063,0.938946,49,0.0039578043,3.3221025
1,6449,0.29495776,10,0.09628501,4.4457726
1,6528,0.28693044,10,-0.10537623,4.6122713
1,6539,0.94491637,13,-0.0052815517,4.04589
1,6603,0.039793376,34,0.12795597,3.6622546
1,6726,0.0013689371,6,-0.37443382,5.063693
1,6768,0.20357873,17,-0.09584257,4.024603
1,6771,0.0061543593,8,-0.27408332,4.667335
1,7121,0.21645693,7,-0.14456606,5.020645
1,7202,0.39976877,15,-0.065699436,4.09121
1,7203,0.39976877,15,-0.065699436,4.09121
1,7206,0.39976877,15,-0.065699436,4.09121
1,7464,0.6531867,18,-0.026730098,3.5690908
1,7601,0.21645693,7,-0.14456606,5.020645
1,7931,0.010687655,9,-0.23934552,4.5128984
1,8193,0.035661876,33,0.1335622,3.7020683
1,8329,0.29495776,10,0.09649566,4.4505715
1,8617,0.24432541,8,-0.12546216,4.8162994
1,8780,0.045602284,34,0.12608944,3.6846902
1,8916,0.21645693,7,-0.14456606,5.020645
1,9250,0.14326073,40,0.08314167,3.4909952
1,9846,0.42875078,50,0.042074285,3.3728616
1,9952,0.21645693,7,-0.14456606,5.020645
1,10219,0.28693044,10,-0.10537623,4.6122713
1,10294,0.30944204,7,0.11254968,4.881227
1,10360,0.917913,66,0.005275335,3.30726
1,10449,0.21645693,7,-0.14456606,5.020645
1,10599,0.28693044,10,-0.10537623,4.6122713
1,10904,0.973069,30,-0.0019827834,3.5353131
1,10969,0.18959478,15,-0.10407726,4.129831
1,11286,0.9409188,6,0.009746123,5.31581
1,11293,0.26749355,9,-0.11685431,4.7613792
1,11493,0.44568866,50,0.041261315,3.402274
1,11535,0.21645693,7,-0.14456606,5.020645
1,11696,0.21645693,7,-0.14456606,5.020645
1,12035,0.9409188,6,0.009746123,5.31581
1,12584,0.9217825,62,0.0049649514,3.288718
1,12659,0.25673848,9,-0.11787711,4.729002
1,12947,0.045602284,34,0.12608944,3.6846902
1,13045,0.37566146,17,0.06742877,4.0401554
1,13260,0.43629822,50,0.04210733,3.4019675
1,13397,0.98909426,12,-0.0011048298,4.136821
1,13538,0.5628804,55,-0.029712737,3.315557
1,14012,0.9725229,18,-0.0023591649,3.830694
1,14289,0.035661876,33,0.1335622,3.7020683
1,14385,0.5333413,6,-0.06754302,4.8278775
1,15230,0.97860324,11,-0.002251694,4.25127
1,15293,0.045602284,34,0.12608944,3.6846902
1,15725,0.29495776,10,0.09649566,4.4505715
1,15833,0.9409188,6,0.009746123,5.31581
1,16225,0.045602284,34,0.12608944,3.6846902
1,16410,0.21645693,7,-0.14456606,5.020645
1,16449,0.21645693,7,-0.14456606,5.020645
1,16754,0.98805344,17,-0.001092717,3.8811605
1,16840,0.24432541,8,-0.12546216,4.8162994
1,16855,0.21645693,7,-0.14456606,5.020645
1,16956,0.21645693,7,-0.14456606,5.020645
1,16993,0.29495776,10,0.09649566,4.4505715
1,16999,0.031240322,10,-0.19144116,4.3849597
1,17011,0.9373184,48,0.0040746694,3.3308778
1,17026,0.9373184,48,0.0040746694,3.3308778
1,17624,0.045602284,34,0.12608944,3.6846902
1,17658,0.917913,66,0.005275335,3.30726
1,17689,0.917913,66,0.005275335,3.30726
1,17830,0.9373184,48,0.0040746694,3.3308778
1,17873,0.9723075,13,-0.002676865,4.054302
1,18477,0.8998015,33,-0.007165218,3.491721
1,18705,0.73297,25,-0.022305045,3.7409394
1,18718,0.917913,66,0.005275335,3.30726
1,18729,0.40311632,15,-0.06584183,4.110124
1,18733,0.0061633484,9,0.32204315,5.0600967
1,18756,0.28693044,10,-0.10537623,4.6122713
1,18790,0.21645693,7,-0.14456606,5.020645
1,18961,0.9409188,6,0.009746123,5.31581
1,19532,0.917913,66,0.005275335,3.30726
1,19819,0.3160325,11,-0.09324655,4.4698744
1,19908,0.9409188,6,0.009746123,5.31581
1,19931,0.28693044,10,-0.10537623,4.6122713
1,19932,0.28693044,10,-0.10537623,4.6122713
1,20087,0.83157986,6,-0.025561586,5.0794315
1,20088,0.8579268,9,-0.01422834,4.126179
1,20176,0.29495776,10,0.09649566,4.4505715
1,20195,0.0013689371,6,-0.37443382,5.063693
1,20486,0.9409188,6,0.009746123,5.31581
1,20532,0.22154783,42,0.0701863,3.507606
1,20720,0.23552062,40,0.0703326,3.564074
1,21043,0.9698424,50,0.0019542417,3.3088064
1,21072,0.9409188,6,0.009746123,5.31581
1,21104,0.4767774,34,0.038689822,3.4122522
1,21128,0.85796773,52,-0.009006936,3.2810566
1,21829,0.68807536,64,-0.020127416,3.275115
1,21929,0.0013689371,6,-0.37443382,5.063693
1,22135,0.8555297,7,0.014294158,4.101242
1,22142,0.24432541,8,-0.12546216,4.8162994
1,22320,0.9409188,6,0.009746123,5.31581
1,22522,0.718784,67,-0.01668039,3.1477993
1,22672,0.0013689371,6,-0.37443382,5.063693
1,22743,0.9912074,6,0.001293949,4.998943
1,22768,0.18959478,15,-0.10407726,4.129831
1,22889,0.8620042,7,0.019896187,4.9596996
1,23085,0.21645693,7,-0.14456606,5.020645
1,23093,0.9912074,6,0.001293949,4.998943
1,23235,0.905737,66,0.005562665,3.1685452
1,23838,0.9409188,6,0.009746123,5.31581
1,24466,0.91712546,68,0.0048810327,3.1662688
1,24483,0.9409188,6,0.009746123,5.31581
1,24489,0.9373184,48,0.0040746694,3.3308778
1,24738,0.55504346,57,0.026937857,3.1243882
1,25486,0.9912074,6,0.001293949,4.998943
1,25513,0.21645693,7,-0.14456606,5.020645
1,25773,0.35365176,14,-0.07797198,4.2480416
1,26041,0.9373184,48,0.0040746694,3.3308778
1,26251,0.21645693,7,-0.14456606,5.020645
1,26288,0.2561672,8,-0.12183079,4.805539
1,27265,0.045602284,34,0.12608944,3.6846902
1,27754,0.97860324,11,-0.002251694,4.25127
1,28241,0.9912074,6,0.001293949,4.998943
1,28243,0.9912074,6,0.001293949,4.998943
1,28512,0.031240322,10,-0.19144116,4.3849597
1,28978,0.97860324,12,-0.0021524094,4.1539326
1,29121,0.94122046,7,0.007490687,4.6640234
1,29291,0.50573194,23,0.04545167,3.8248806
1,29345,0.031240322,10,-0.19144116,4.3849597
1,29451,0.9409188,6,0.009746123,5.31581
1,29694,0.0013689371,6,-0.37443382,5.063693
1,29713,0.9912074,6,0.001293949,4.998943
1,29757,0.045602284,34,0.12608944,3.6846902
1,30069,0.21645693,7,-0.14456606,5.020645
1,30356,0.045602284,34,0.12608944,3.6846902
1,30366,0.9912074,6,0.001293949,4.998943
1,30529,0.9409188,6,0.009746123,5.31581
1,30683,0.780543,7,0.03366165,5.0946918
1,30873,0.0013689371,6,-0.37443382,5.063693
1,31223,0.98882496,9,-0.001365263,4.506858
1,31277,0.9840096,7,-0.0021608379,4.813738
1,31301,0.9409188,6,0.009746123,5.31581
1,31364,0.9840096,7,-0.0021608379,4.813738
1,31381,0.8620042,7,0.019896187,4.9596996
1,31449,0.21645693,7,-0.14456606,5.020645
1,31515,0.7394349,53,-0.0153903365,3.1460407
1,31926,0.9409188,6,0.009746123,5.31581
1,32210,0.95994514,8,-0.005540639,4.862448
1,32364,0.21645693,7,-0.14456606,5.020645
1,32383,0.9912074,6,0.001293949,4.998943
1,32494,0.21645693,7,-0.14456606,5.020645
1,32542,0.21645693,7,-0.14456606,5.020645
1,32807,0.6710309,55,0.020754186,3.2320416
1,32815,0.51069915,24,0.043852936,3.77882
1,32854,0.24432541,8,-0.12546216,4.8162994
1,33481,0.9726313,11,-0.0028755032,4.238331
1,33647,0.13183774,53,-0.07820411,3.3399205
1,33651,0.13183774,53,-0.07820411,3.3399205
1,33655,0.18718758,10,-0.11971358,4.4198503
1,33761,0.51069915,24,0.043852936,3.77882
1,33906,0.21645693,7,-0.14456606,5.020645
1,34125,0.9409188,6,0.009746123,5.31581
1,34345,0.21645693,7,-0.14456606,5.020645
1,34599,0.18959478,15,-0.10407726,4.129831
1,35551,0.24432541,8,-0.12546216,4.8162994
1,35856,0.84417623,37,0.011074102,3.4705892
1,36596,0.24432541,8,-0.12546216,4.8162994
1,37072,0.14305174,63,0.07425806,3.2969058
1,37138,0.24432541,8,-0.12546216,4.8162994
1,37245,0.24432541,8,-0.12546216,4.8162994
1,37268,0.24432541,8,-0.12546216,4.8162994
1,37437,0.8432305,27,-0.0118860565,3.586577
1,37633,0.043252014,37,0.12186471,3.6026342
1,37686,0.1459284,41,0.08109022,3.4589221
1,37867,0.9181652,10,-0.009013729,4.337702
1,37890,0.21645693,7,-0.14456606,5.020645
1,38554,0.94545716,7,-0.007332593,4.7966113
1,38946,0.25267285,8,-0.12374078,4.8255744
1,39060,0.15598612,12,-0.12316511,4.322465
1,39062,0.15598612,12,-0.12316511,4.322465
1,39067,0.15598612,12,-0.12316511,4.322465
1,39076,0.06573273,6,-0.19923384,4.838118
1,39146,0.0013689371,6,-0.37443382,5.063693
1,39165,0.15598612,12,-0.12316511,4.322465
1,39302,0.0013689371,6,-0.37443382,5.063693
1,39369,0.87532336,7,0.018518347,5.034675
1,39751,0.14879946,50,-0.07250805,3.2847986
1,39802,0.15021424,51,-0.07207894,3.2807174
1,40010,0.21645693,7,-0.14456606,5.020645
1,40457,0.24432541,8,-0.12546216,4.8162994
1,40465,0.24432541,8,-0.12546216,4.8162994
1,40561,0.24074991,9,-0.12275067,4.7452106
1,40599,0.24432541,8,-0.12546216,4.8162994
1,40665,0.24432541,8,-0.12546216,4.8162994
1,40705,0.24631871,8,0.11481788,4.6150126
1,40707,0.24432541,8,-0.12546216,4.8162994
1,41131,0.93171275,6,0.009416148,4.8523016
1,41146,0.8984887,51,0.0065504005,3.3120751
1,41178,0.022396624,49,0.11312793,3.2683444
1,41274,0.039409142,54,0.10492079,3.3110695
1,41384,0.8784376,64,0.007850364,3.3123572
1,41427,0.011450192,48,0.13724798,3.4243102
1,41519,0.24823801,7,0.12190245,4.766265
1,41668,0.21645693,7,-0.14456606,5.020645
1,41860,0.012101614,49,0.13510749,3.4104035
1,41887,0.045602284,34,0.12608944,3.6846902
1,42433,0.99268407,7,0.0009782988,4.8250895
1,42444,0.24631871,8,0.11481788,4.6150126
1,42488,0.1899543,14,-0.10413998,4.1329656
1,42671,0.9409188,6,0.009746123,5.31581
1,42869,0.1684139,13,-0.11442887,4.2274384
1,42902,0.9409188,6,0.009746123,5.31581
1,43025,0.24432541,8,-0.12546216,4.8162994
1,43171,0.74977106,24,0.020916406,3.7464437
1,43172,0.21645693,7,-0.14456606,5.020645
1,43494,0.85649973,6,0.021544203,5.0622144
1,43795,0.19397764,11,0.1152626,4.3679233
1,43877,0.94342977,6,-0.008575629,5.10344
1,44066,0.946722,11,-0.005621085,4.2423267
1,44074,0.94342977,6,-0.008575629,5.10344
1,44191,0.9409188,6,0.009746123,5.31581
1,44194,0.9308943,53,0.0045320746,3.3440769
1,44215,0.21645693,7,-0.14456606,5.020645
1,44389,0.8620042,7,0.019896187,4.9596996
1,44567,0.18826956,59,0.060738306,3.1449397
1,44568,0.19397764,11,0.1152626,4.3679233
1,44601,0.14569609,14,-0.118386775,4.183897
1,44667,0.9409188,6,0.009746123,5.31581
1,44673,0.93171275,6,0.009416148,4.8523016
1,44680,0.19397764,11,0.1152626,4.3679233
1,44695,0.035661876,33,0.1335622,3.7020683
1,44713,0.8600333,7,0.019903697,4.9263544
1,44727,0.6824527,13,-0.037640177,4.442785
1,44756,0.0011019652,6,-0.3889857,5.1144705
1,44762,0.9409188,6,0.009746123,5.31581
1,44773,0.9409188,6,0.009746123,5.31581
1,44778,0.9409188,6,0.009746123,5.31581
1,44819,0.076298274,41,0.09183652,3.3378007
1,44830,0.9409188,6,0.009746123,5.31581
1,45075,0.48141435,7,-0.07111409,4.6589684
1,45105,0.19397764,11,0.1152626,4.3679233
1,45630,0.004019581,8,0.36659575,5.274428
1,46373,0.9266582,49,0.00486874,3.362842
1,46499,0.035661876,33,0.1335622,3.7020683
1,46564,0.9751343,10,-0.0027181245,4.331109
1,46575,0.9409188,6,0.009746123,5.31581
1,46882,0.21645693,7,-0.14456606,5.020645
1,46912,0.24388583,13,0.09329638,4.146523
1,47348,0.21645693,7,-0.14456606,5.020645
1,47374,0.93171275,6,0.009416148,4.8523016
1,47502,0.24432541,8,-0.12546216,4.8162994
1,47503,0.24432541,8,-0.12546216,4.8162994
1,47513,0.85062265,31,-0.010528915,3.458978
1,47577,0.928786,51,0.004637912,3.3278213
1,47692,0.26717463,13,-0.11127967,4.643575
1,48118,0.048483565,36,0.11921904,3.6071994
1,48151,0.9751343,10,-0.0027181245,4.331109
1,48181,0.14838493,66,0.07294134,3.28937
1,48987,0.98019016,7,-0.002686762,4.819828
1,49080,0.9487647,26,-0.0038671214,3.5895033
1,49107,0.35129783,22,0.06022641,3.7213407
1,49221,0.9079833,6,0.012817917,4.880196
1,49438,0.9488226,14,-0.0047997255,4.0005283
1,49493,0.7878614,7,-0.02537534,4.4964623
1,49580,0.3313194,18,0.06937817,3.9126856
1,49609,0.9809551,9,0.0024864562,4.707569
1,49611,0.9809551,9,0.0024864562,4.707569
1,49675,0.9841966,7,0.0025215354,5.193609
1,49704,0.9841966,7,0.0025215354,5.193609
1,49778,0.9841966,7,0.0025215354,5.193609
1,49841,0.6534797,13,-0.038606327,4.293827
1,49845,1.0,6,0.0001886317,5.040788
1,49873,0.97974503,9,-0.002630115,4.688041
1,50100,0.8668014,9,0.017384645,4.716302
1,50371,0.887505,7,-0.015826233,4.9002376
1,50671,1.0,6,0.0001886317,5.040788
1,50679,1.0,6,0.0001886317,5.040788
1,51100,1.0,6,0.0001886317,5.040788
1,51101,0.9409188,6,0.009746123,5.31581
1,51128,0.94545716,7,0.00799316,5.0108166
1,51187,0.9409188,6,0.009746123,5.31581
1,51229,0.2674917,9,-0.1069133,4.554269
1,51237,0.9409188,6,0.009746123,5.31581
1,51295,0.9409188,6,0.009746123,5.31581
1,51298,0.08493195,6,0.19443299,4.9351454
1,51392,0.63464636,9,-0.04736887,4.6256084
1,51514,0.63464636,9,-0.04736887,4.6256084
1,51537,0.63464636,9,-0.04736887,4.6256084
1,51602,0.83093,11,0.01860489,4.3194404
1,51706,0.15599196,53,0.06994489,3.2508678
1,51716,0.021947479,14,-0.19428639,4.285266
1,51736,0.038367856,29,-0.13134494,3.7002501
1,51814,0.5818754,36,0.030043647,3.4165895
1,51822,0.0042145858,8,-0.29960698,4.7787523
1,51868,0.0042145858,8,-0.29960698,4.7787523
1,51878,0.9409188,6,0.009746123,5.31581
1,51935,0.05926385,24,-0.13182384,3.8820977
1,51961,0.030566163,14,-0.17714368,4.2088094
1,51971,1.0,6,0.0001886317,5.040788
1,52202,0.08438914,36,0.09714149,3.4787521
1,52424,0.955856,6,-0.006780794,5.1267595
1,52425,0.68232685,15,-0.032087356,4.099113
1,52800,0.9409188,6,0.009746123,5.31581
1,52909,0.1525776,67,0.07168265,3.2777536
1,52985,0.11581159,7,0.16554339,4.7627873
1,53027,0.9409188,6,0.009746123,5.31581
1,53183,0.5056059,7,-0.06831315,4.695506
1,53729,0.48343667,6,-0.07730314,4.8700776
1,53901,0.87322956,30,-0.009958625,3.6545408
1,54693,1.0,6,0.0001886317,5.040788
1,54712,0.6803973,32,0.02334312,3.482782
1,54811,0.887897,16,-0.010575386,4.008923
1,54877,0.92953765,14,0.006792534,4.0550084
1,55013,0.72623026,31,0.021909349,3.6596773
1,55321,0.24038891,32,0.07059233,3.5907755
1,55349,0.63636386,6,0.053127006,4.9132075
1,55362,0.9281245,22,-0.0061835945,3.8318913
1,55425,0.93962914,11,-0.0066416794,4.333755
1,55456,0.9640055,11,-0.004504637,4.6353645
1,55470,0.9640055,11,-0.004504637,4.6353645
1,55678,0.8346252,13,-0.01636684,4.0970335
1,55684,0.14406891,61,0.06998838,3.2051578
1,55701,0.29492873,7,0.108702645,4.723675
1,55709,0.21514733,30,0.077401385,3.65987
1,55714,0.9769967,9,0.002751613,4.489965
1,55719,0.75925475,8,0.027941164,4.4219627
1,55726,0.99402654,10,-0.0006169961,3.9780035
1,55737,0.63636386,6,0.053127006,4.9132075
1,55749,0.33020115,7,0.10524409,4.8212805
1,55822,0.92841315,6,0.009772491,4.8310733
1,55911,0.9119125,12,-0.008821957,4.134949
1,55950,0.6815901,12,-0.033541612,4.1862454
1,55963,0.88136435,7,0.013038844,4.3290915
1,56068,0.917913,9,-0.009478129,4.437858
1,56173,0.13079241,51,0.07513075,3.2656517
1,56279,0.009243189,9,0.23560843,4.430798
1,56405,0.4650422,16,0.054166432,3.984869
1,56508,0.5242359,66,0.03222186,3.2897582
1,56519,0.90686905,11,-0.009734206,4.22274
1,56523,0.9312377,16,0.006257061,3.9395435
1,56601,0.92738765,17,0.006360937,3.8668253
1,56624,0.887897,16,-0.010575386,4.008923
1,56634,0.89392763,12,-0.011129942,4.230128
1,56635,0.887897,16,-0.010575386,4.008923
1,56715,0.887897,16,-0.010575386,4.008923
1,56746,0.887897,16,-0.010575386,4.008923
1,56803,0.887897,16,-0.010575386,4.008923
1,56809,0.887897,16,-0.010575386,4.008923
1,56810,0.887897,16,-0.010575386,4.008923
1,56816,0.887897,16,-0.010575386,4.008923
1,56823,1.0,6,0.0001886317,5.040788
1,56838,0.887897,16,-0.010575386,4.008923
1,56909,0.887897,16,-0.010575386,4.008923
1,57063,0.9637588,19,-0.0035386141,4.084544
1,57140,0.9409188,6,0.009746123,5.31581
1,57205,0.7700946,44,-0.015193038,3.335184
1,57383,0.9409188,6,0.009746123,5.31581
1,57397,1.0,6,0.0001886317,5.040788
1,57686,0.56364614,21,0.03635717,3.6721888
1,57809,0.89597034,10,-0.0119984215,4.43625
1,57812,0.94611335,9,-0.0065745683,4.570618
1,57815,0.89597034,10,-0.0119984215,4.43625
1,57817,0.89597034,10,-0.0119984215,4.43625
1,57992,0.94611335,9,-0.0065745683,4.570618
1,58019,0.94611335,9,-0.0065745683,4.570618
1,58307,0.95764005,10,-0.0049330858,4.4645715
1,59462,0.9477333,26,0.003943948,3.587829
1,59719,0.89645195,7,-0.015047437,4.9846706
1,59876,0.16597323,6,-0.16630307,5.090955
1,60083,0.25208363,15,0.08491471,3.989925
1,60637,0.9409188,6,0.009746123,5.31581
1,60772,0.67411584,63,0.019010289,3.1091273
1,60829,0.98578095,14,0.0014004316,4.103911
1,61053,0.38320827,16,-0.06587942,4.025904
1,61075,0.32715806,19,0.06530762,3.7806852
1,61097,0.12819801,46,0.07724307,3.2996976
1,61109,0.9965512,6,-0.0004630396,4.9596543
1,61122,0.92058295,11,-0.0094142575,4.498921
1,61239,0.92058295,11,-0.0094142575,4.498921
1,61332,0.92058295,11,-0.0094142575,4.498921
1,61405,0.9731796,12,-0.002952952,4.34512
1,61661,0.8416491,23,-0.012737673,3.694226
1,61822,0.886028,13,0.011255033,4.1019983
1,61840,0.9965512,6,-0.0004630396,4.9596543
1,61872,0.9409188,6,0.009746123,5.31581
1,62015,0.99268407,7,0.0009782988,4.8250895
1,62195,0.051826257,55,0.09531574,3.2476587
1,62248,0.9409188,6,0.009746123,5.31581
1,62421,0.031776935,53,0.11195195,3.3518484
1,62447,0.9631898,7,-0.004855752,4.74991
1,62512,0.9631898,7,-0.004855752,4.74991
1,62538,0.8962534,9,-0.012571552,4.547213
1,62543,0.8962534,9,-0.012571552,4.547213
1,62656,0.8962534,9,-0.012571552,4.547213
1,62664,0.8962534,9,-0.012571552,4.547213
1,62691,0.8962534,9,-0.012571552,4.547213
1,62758,0.8738771,12,0.012885869,4.170726
1,62806,0.9965512,6,-0.0004630396,4.9596543
1,62906,0.2710797,52,0.05509903,3.275294
1,62915,0.9784648,14,-0.0020600152,4.035671
1,62919,0.7953985,9,0.022692777,4.3314247
1,62935,0.9689685,8,-0.004338334,4.8925705
1,63030,0.08222949,6,0.1964808,4.9409404
1,63084,0.1223593,52,0.0756591,3.2410204
1,63126,0.9965512,6,-0.0004630396,4.9596543
1,63526,0.47979733,65,0.034251884,3.2199316
1,63527,0.47979733,65,0.034251884,3.2199316
1,63528,0.9409188,6,0.009746123,5.31581
1,63644,0.1759842,61,0.0686864,3.2987115
1,63645,0.18558453,63,0.06526784,3.2509222
1,63757,0.14682443,54,0.06958674,3.206589
1,63759,0.14596732,57,0.06967107,3.2051642
1,63915,0.12925293,62,0.07533991,3.2634172
1,63987,0.06599422,11,0.16905993,4.453106
1,64108,0.08129429,60,0.09329693,3.3912094
1,64149,0.6120688,45,0.026038669,3.3132594
1,64173,0.927878,21,0.006140806,3.8097599
1,64184,0.927878,21,0.006140806,3.8097599
1,64304,0.0025728457,15,0.2723421,4.4354205
1,64500,0.9409188,6,0.009746123,5.31581
1,64513,0.9409188,6,0.009746123,5.31581
1,64517,0.9409188,6,0.009746123,5.31581
1,64518,0.9409188,6,0.009746123,5.31581
1,64817,0.30226734,48,0.055844415,3.4045615
1,65247,0.9542712,10,-0.0052576046,4.4374437
1,65658,0.059078146,38,0.11398006,3.604545
1,66115,0.9912074,10,0.0008232496,4.011969
1,66247,0.99268407,7,0.0009782988,4.8250895
1,66764,0.63636386,6,0.053127006,4.9132075
1,66801,0.63636386,6,0.053127006,4.9132075
1,66827,0.63636386,6,0.053127006,4.9132075
1,66902,0.91068226,22,0.007683143,3.8298867
1,66943,0.98293054,9,-0.0020894771,4.5768623
1,67013,0.007347002,43,0.15128113,3.495082
1,67063,0.13046594,47,0.07649471,3.2932668
1,67200,0.07397885,67,0.086657874,3.2282681
1,67202,0.15895371,55,0.061970875,3.0712137
1,67282,0.9631898,7,-0.004855752,4.74991
1,67519,0.008220839,49,0.1410126,3.3971078
1,67536,0.97023904,16,-0.0027764312,3.9812734
1,67663,0.26461646,65,0.05607248,3.280783
1,67673,0.07591678,62,0.09013271,3.3033051
1,67718,0.26461646,65,0.05607248,3.280783
1,67827,0.994547,8,0.00072307757,4.704784
1,67913,0.07357694,55,0.09491779,3.3761585
1,67914,0.055170465,60,0.098618895,3.3245697
1,68028,0.06464959,51,0.09220389,3.274166
1,68036,0.06464959,51,0.09220389,3.274166
1,68103,0.05981255,49,0.09637746,3.3167815
1,68339,0.079055265,40,0.10303892,3.5506124
1,68340,0.83038473,12,0.016738955,4.091844
1,68369,0.06563729,41,0.10785078,3.548936
1,68531,0.06563729,41,0.10785078,3.548936
1,68533,0.061047487,52,0.09450838,3.2925153
1,68545,0.2456499,8,-0.1180543,4.6786923
1,68550,0.9409188,6,0.009746123,5.31581
1,68707,0.076412894,42,0.10133149,3.5054903
1,68734,0.076412894,42,0.10133149,3.5054903
1,68758,0.076412894,42,0.10133149,3.5054903
1,68765,0.076412894,42,0.10133149,3.5054903
1,68769,0.076412894,42,0.10133149,3.5054903
1,68880,0.10675114,50,0.08432402,3.350125
1,68886,0.9957761,7,-0.00037445256,4.808301
1,68944,0.018833565,17,0.17492859,4.0130453
1,68989,0.076412894,42,0.10133149,3.5054903
1,69000,0.076412894,42,0.10133149,3.5054903
1,69039,0.076412894,42,0.10133149,3.5054903
1,69047,0.1639567,10,0.12769492,4.442879
1,69080,0.08524249,49,0.094804846,3.4394288
1,69120,0.08143467,48,0.09625198,3.4444914
1,69137,0.076412894,42,0.10133149,3.5054903
1,69176,0.076412894,42,0.10133149,3.5054903
1,69260,0.076412894,42,0.10133149,3.5054903
1,69311,0.076412894,42,0.10133149,3.5054903
1,69344,0.08033121,43,0.09966953,3.4992678
1,69533,0.07399314,41,0.10256836,3.5124166
1,69537,0.7945246,25,0.016229738,3.652545
1,69546,0.07399314,41,0.10256836,3.5124166
1,69552,0.07399314,41,0.10256836,3.5124166
1,69587,0.07399314,41,0.10256836,3.5124166
1,69595,0.07399314,41,0.10256836,3.5124166
1,69609,0.07399314,41,0.10256836,3.5124166
1,69617,0.07399314,41,0.10256836,3.5124166
1,69622,0.07399314,41,0.10256836,3.5124166
1,69654,0.076412894,42,0.10133149,3.5054903
1,69674,0.076412894,42,0.10133149,3.5054903
1,69675,0.076412894,42,0.10133149,3.5054903
1,69712,0.076412894,42,0.10133149,3.5054903
1,69718,0.2689198,43,0.06223536,3.4724886
1,69731,0.2689198,43,0.06223536,3.4724886
1,69773,0.2689198,43,0.06223536,3.4724886
1,69796,0.07843991,64,0.08701916,3.2587283
1,69805,0.2689198,43,0.06223536,3.4724886
1,69813,0.9957761,7,-0.00037445256,4.808301
1,69999,0.9409188,6,0.009746123,5.31581
1,70301,0.08524249,49,0.094804846,3.4394288
1,70303,0.08524249,49,0.094804846,3.4394288
1,70649,0.08143467,48,0.09625198,3.4444914
1,70708,0.076412894,42,0.10133149,3.5054903
1,70710,0.9409188,6,0.009746123,5.31581
1,70722,0.076412894,42,0.10133149,3.5054903
1,70804,0.97419596,7,0.0038714781,5.0385017
1,70812,0.97419596,7,0.0038714781,5.0385017
1,70817,0.9957761,7,-0.00037445256,4.808301
1,70906,0.06398648,41,0.106182486,3.5115373
1,70933,0.076412894,42,0.10133149,3.5054903
1,71326,0.11545045,42,0.08453853,3.3938706
1,71348,0.970641,30,-0.0021756114,3.5592418
1,71475,0.8854376,6,0.016176984,4.9113855
1,71819,0.8986337,13,-0.010960024,4.2931023
1,71844,0.8986337,13,-0.010960024,4.2931023
1,71852,0.7099944,6,0.04335633,5.0052648
1,72000,0.9409188,6,0.009746123,5.31581
1,72045,0.8273352,7,-0.023270816,4.7835727
1,72138,0.9409188,6,0.009746123,5.31581
1,72269,0.08143467,48,0.09625198,3.4444914
1,72521,0.08143467,48,0.09625198,3.4444914
1,72727,0.9957761,7,-0.00037445256,4.808301
1,72849,0.044920523,34,0.124741584,3.6605647
1,72871,0.9957761,7,-0.00037445256,4.808301
1,72894,0.06642269,46,0.10364789,3.483647
1,72924,0.9409188,6,0.009746123,5.31581
1,72929,0.06130925,40,0.1095924,3.5487742
1,72955,0.9409188,6,0.009746123,5.31581
1,72956,0.06642269,46,0.10364789,3.483647
1,72997,0.9409188,6,0.009746123,5.31581
1,73047,0.08143467,48,0.09625198,3.4444914
1,73386,0.9408687,16,-0.0057566436,4.0754423
1,73467,0.9408687,16,-0.0057566436,4.0754423
1,73674,0.9957761,7,-0.00037445256,4.808301
1,73691,0.9352732,9,-0.008754753,4.809315
1,73851,0.03096496,32,0.14232385,3.7720606
1,73935,0.95186895,16,-0.004617614,4.0519323
1,73989,0.03096496,32,0.14232385,3.7720606
1,74006,0.9931025,17,-0.0006896667,4.0608845
1,74061,0.9352732,9,-0.008754753,4.809315
1,74169,0.06802102,46,0.09887864,3.4128246
1,74291,0.9409188,6,0.009746123,5.31581
1,74327,0.9695483,7,0.0045388397,5.0466094
1,74328,0.9695483,7,0.0045388397,5.0466094
1,74329,0.9695483,7,0.0045388397,5.0466094
1,74332,0.9695483,7,0.0045388397,5.0466094
1,74333,0.9689685,8,-0.004338334,4.8925705
1,74515,0.08191038,48,0.094552375,3.416719
1,74541,0.092538916,50,0.090442404,3.397649
1,74707,0.9409188,6,0.009746123,5.31581
1,74905,0.9409188,6,0.009746123,5.31581
1,75223,0.9394821,8,-0.007547967,4.61933
1,75231,0.036269244,34,0.13462192,3.7229378
1,75250,0.04470848,35,0.12547582,3.6694748
1,75449,0.9714621,17,-0.00263027,3.978654
1,75481,0.84258485,7,-0.022836491,4.9673963
1,75552,0.9581334,18,-0.0038234727,3.9455817
1,75574,0.2633766,9,0.10770298,4.551671
1,75606,0.9435872,10,0.0063544177,4.382441
1,75708,0.99191195,7,-0.0009611398,4.714789
1,75721,0.8651033,7,-0.019238945,4.9290767
1,75750,0.99191195,7,-0.0009611398,4.714789
1,75769,0.99191195,7,-0.0009611398,4.714789
1,75778,0.9841966,9,-0.0018765964,4.497943
1,75793,0.057176422,38,0.116411194,3.6282682
1,75845,0.9868679,6,0.0017981511,4.8323064
1,75899,0.1168337,54,0.08101899,3.329941
1,75986,0.9868679,6,0.0017981511,4.8323064
1,76055,0.99191195,7,-0.0009611398,4.714789
1,76106,0.078571804,46,0.09641191,3.4328563
1,76217,0.03950012,36,0.12545078,3.6236475
1,76313,0.03096496,32,0.14232385,3.7720606
1,76361,0.05971958,39,0.10914651,3.531888
1,76370,0.03096496,32,0.14232385,3.7720606
1,76412,0.99191195,7,-0.0009611398,4.714789
1,76415,0.99191195,7,-0.0009611398,4.714789
1,76416,0.99191195,7,-0.0009611398,4.714789
1,76541,0.99191195,7,-0.0009611398,4.714789
1,76552,0.48651332,24,0.047130205,3.8089926
1,76569,0.03096496,32,0.14232385,3.7720606
1,76591,0.05971958,39,0.10914651,3.531888
1,76649,0.99191195,7,-0.0009611398,4.714789
1,76729,0.9827573,6,0.00243181,4.880352
1,76768,0.17973515,41,-0.07216259,3.398735
1,76774,0.9957761,7,-0.00037445256,4.808301
1,76777,0.028075038,14,-0.17883027,4.1970882
1,76778,0.05971958,39,0.10914651,3.531888
1,76799,0.034518614,33,0.13796335,3.751202
1,76830,0.1218208,23,-0.099306926,3.7156327
1,76847,0.09219047,24,-0.10888683,3.7309918
1,76879,0.8495185,68,0.008980736,3.1809683
1,76880,0.0038514268,7,-0.30601048,4.806709
1,76906,0.24337693,15,0.08138426,3.8698614
1,76964,0.9957761,7,-0.00037445256,4.808301
1,76990,0.23054492,34,0.06860426,3.502844
1,76997,0.6837646,56,0.020689556,3.2953892
1,77034,0.96858793,8,-0.0046120845,5.0250225
1,77039,0.6837646,56,0.020689556,3.2953892
1,77083,0.2633766,9,0.10770298,4.551671
1,77100,0.3670222,10,-0.10724378,5.0564
1,77122,0.7610739,52,0.016233996,3.3795516
1,77127,0.15797237,31,0.06781711,3.2109306
1,77140,0.36941275,18,0.053531766,3.5756173
1,77162,0.3670222,10,-0.10724378,5.0564
1,77195,0.8142461,53,0.012529841,3.377248
1,77227,0.8291816,58,0.011092266,3.3154507
1,77229,0.86499524,7,0.018968504,4.895945
1,77238,0.9893704,9,-0.0014591515,4.8442726
1,77243,0.41798955,25,0.046340294,3.5008855
1,77256,0.75783134,51,0.016543403,3.387964
1,77305,0.23054492,34,0.06860426,3.502844
1,77372,0.9409188,6,0.009746123,5.31581
1,77429,0.9957761,7,-0.00037445256,4.808301
1,77441,0.9409188,6,0.009746123,5.31581
1,77442,0.2810121,10,0.09829417,4.427403
1,77448,0.8265526,15,0.016496018,4.015119
1,77458,0.85619587,44,-0.009035487,3.2658064
1,77460,0.23054492,34,0.06860426,3.502844
1,77500,0.2810121,10,0.09829417,4.427403
1,77515,0.2931713,40,0.05619854,3.3838987
1,77520,0.0019391724,6,-0.35098916,4.9785924
1,77535,0.024186963,13,-0.1885691,4.2555084
1,77556,0.05612279,38,0.11128431,3.5411673
1,77619,0.05612279,38,0.11128431,3.5411673
1,77665,0.05612279,38,0.11128431,3.5411673
1,77703,0.05612279,38,0.11128431,3.5411673
1,77705,0.09540634,53,0.088261746,3.3710492
1,77748,0.05612279,38,0.11128431,3.5411673
1,77757,0.05612279,38,0.11128431,3.5411673
1,77765,0.05612279,38,0.11128431,3.5411673
1,77767,0.05612279,38,0.11128431,3.5411673
1,77769,0.05612279,38,0.11128431,3.5411673
1,77770,0.05612279,38,0.11128431,3.5411673
1,77772,0.05612279,38,0.11128431,3.5411673
1,77774,0.05612279,38,0.11128431,3.5411673
1,77882,0.08928579,45,0.092753865,3.4241643
1,77889,0.05612279,38,0.11128431,3.5411673
1,77897,0.97466075,6,-0.0037196912,5.0263762
1,77924,0.20962605,7,-0.12835702,4.693891
1,77971,0.17587806,47,0.08444016,3.6580298
1,78036,0.21587107,60,0.067383505,3.4151156
1,78044,0.21587107,60,0.067383505,3.4151156
1,78119,0.9668399,10,-0.0040463395,4.565078
1,78142,0.83909184,13,-0.01674641,4.2031617
1,78147,0.8196721,12,-0.01946371,4.276922
1,78153,0.8196721,12,-0.01946371,4.276922
1,78157,0.8196721,12,-0.01946371,4.276922
1,78170,0.91329646,8,0.0114811435,4.7539315
1,78171,0.91329646,8,0.0114811435,4.7539315
1,78233,0.12660633,29,-0.08825798,3.5246038
1,78265,0.09191328,53,0.09115194,3.4077196
1,78272,0.077512324,51,0.09702436,3.4362173
1,78341,0.94605833,9,-0.0065028626,4.5391407
1,78354,0.89843076,7,-0.014545609,4.946628
1,78464,0.83898395,8,-0.02116258,4.7263756
1,78519,0.20459181,58,0.07022756,3.4437768
1,78560,0.29129237,10,0.096389115,4.4313707
1,78658,0.0470354,43,0.117584966,3.5701723
1,78670,0.0470354,43,0.117584966,3.5701723
1,78718,0.027167933,35,0.14346685,3.7435012
1,78728,0.94756335,9,-0.006814615,4.711867
1,78768,0.94756335,9,-0.006814615,4.711867
1,78803,0.0633794,58,0.09214182,3.265719
1,78975,0.07852059,58,0.089753516,3.3097734
1,79222,0.94605833,9,-0.0065028626,4.5391407
1,79302,0.29129237,10,0.096389115,4.4313707
1,79339,0.8609313,16,-0.013823984,4.110949
1,79418,0.024925653,59,0.115024045,3.325639
1,79685,0.29129237,10,0.096389115,4.4313707
1,79802,0.0055623255,17,0.2389457,4.326202
1,79879,0.40150973,18,0.05903019,3.884282
1,79881,0.40150973,18,0.05903019,3.884282
1,79888,0.40150973,18,0.05903019,3.884282
1,79889,0.40150973,18,0.05903019,3.884282
1,79892,0.9409188,6,0.009746123,5.31581
1,79897,0.29129237,10,0.096389115,4.4313707
1,79901,0.40150973,18,0.05903019,3.884282
1,79902,0.40150973,18,0.05903019,3.884282
1,79918,0.34205562,12,0.07942864,4.237514
1,79919,0.29129237,10,0.096389115,4.4313707
1,79949,0.94605833,9,-0.0065028626,4.5391407
1,79977,0.48465008,20,0.04775038,3.825432
1,80041,0.4777506,22,0.04651872,3.745943
1,80061,0.4777506,22,0.04651872,3.745943
1,80081,0.059221387,42,0.10765498,3.50412
1,80216,0.076748855,60,0.08988789,3.302524
1,80277,0.013709053,52,0.13055106,3.3833592
1,80289,0.29129237,10,0.096389115,4.4313707
1,80291,0.29129237,10,0.096389115,4.4313707
1,80335,0.013709053,52,0.13055106,3.3833592
1,80374,0.0458512,47,0.10691968,3.3928306
1,80400,0.033027858,41,0.12687692,3.5815682
1,80403,0.93240964,8,-0.008454602,4.628291
1,80452,0.9409188,6,0.009746123,5.31581
1,80487,0.9066163,14,0.009781803,4.225652
1,80760,0.063193664,56,0.101490736,3.4263806
1,80850,0.042969972,47,0.10789133,3.385658
1,80983,0.87051475,24,0.009854492,3.5971951
1,81068,0.85434663,6,-0.022697683,5.1522045
1,81186,0.29129237,10,0.096389115,4.4313707
1,81333,0.5269126,11,-0.05296071,4.23711
1,81363,0.93240964,8,-0.008454602,4.628291
1,81496,0.2109968,39,0.07457626,3.5751903
1,81569,0.97396666,11,0.0030699368,4.4567647
1,81675,0.97396666,11,0.0030699368,4.4567647
1,81765,0.97396666,11,0.0030699368,4.4567647
1,81865,0.97396666,11,0.0030699368,4.4567647
1,81869,0.085359395,39,0.08664648,3.2900255
1,82035,0.97396666,11,0.0030699368,4.4567647
1,82036,0.97396666,11,0.0030699368,4.4567647
1,82053,0.97396666,11,0.0030699368,4.4567647
1,82090,0.97396666,11,0.0030699368,4.4567647
1,82098,0.97396666,11,0.0030699368,4.4567647
1,82116,0.97396666,11,0.0030699368,4.4567647
1,82179,0.97396666,11,0.0030699368,4.4567647
1,82197,0.905956,12,0.010570971,4.3789167
1,82342,0.97396666,11,0.0030699368,4.4567647
1,82386,0.97396666,11,0.0030699368,4.4567647
1,82554,0.97396666,11,0.0030699368,4.4567647
1,82732,0.9487068,15,-0.005769261,4.3777747
1,82845,0.9327609,7,0.010018017,5.0496492
1,83117,0.2917561,10,0.09435166,4.385842
1,83177,0.30775055,10,0.090365216,4.36368
1,83219,0.93240964,8,0.009190038,4.825664
1,83306,0.994547,6,-0.0008385591,5.0322814
1,83632,0.017398184,58,0.12570143,3.3768797
1,83749,0.9409188,6,0.009746123,5.31581
1,83754,0.91641605,6,-0.012539294,5.066525
1,83769,0.91641605,6,-0.012539294,5.066525
1,83836,0.91641605,6,-0.012539294,5.066525
1,83874,0.91641605,6,-0.012539294,5.066525
1,84025,0.91641605,6,-0.012539294,5.066525
1,84144,0.91641605,6,-0.012539294,5.066525
1,84379,0.9341846,7,0.009657467,5.008948
1,84558,0.9825857,14,0.0017535649,4.1403074
1,84621,0.92953765,7,-0.010968601,5.159129
1,84916,0.050709434,42,0.116443634,3.5807564
1,85041,0.9409188,6,0.009746123,5.31581
1,85122,0.97549546,25,-0.002229625,3.926374
1,85260,0.9809551,20,-0.0016392097,3.8335247
1,85264,0.9809551,20,-0.0016392097,3.8335247
1,85277,0.9809551,20,-0.0016392097,3.8335247
1,85352,0.94111973,23,-0.0052562756,3.9063148
1,85416,0.94111973,23,-0.0052562756,3.9063148
1,85427,0.9409188,6,0.009746123,5.31581
1,85453,0.94111973,23,-0.0052562756,3.9063148
1,85473,0.024762852,33,0.14730242,3.7631776
1,85561,0.047779053,38,0.12370646,3.6675444
1,85576,0.25043926,8,0.1141166,4.622789
1,85622,0.024762852,33,0.14730242,3.7631776
1,85667,0.51945335,31,0.03887552,3.594651
1,85679,0.94605833,9,-0.0065028626,4.5391407
1,85680,0.94605833,9,-0.0065028626,4.5391407
1,85745,0.5085504,20,0.043094203,3.737466
1,85769,0.032231268,67,0.10731211,3.2847772
1,85817,0.007902014,19,0.21361902,4.1760697
1,85860,0.90326947,7,0.014568254,5.0742965
1,85897,0.03530286,36,0.1356579,3.7262821
1,86152,0.024081202,62,0.115525536,3.3227425
1,86163,0.94750684,7,-0.007715607,5.020898
1,86201,0.9409188,6,0.009746123,5.31581
1,86365,0.04857528,49,0.10424835,3.3707955
1,86413,0.024081202,62,0.115525536,3.3227425
1,86423,0.4766305,20,-0.047333017,3.7754445
1,86425,0.65671635,7,-0.047640886,4.797685
1,86430,0.97930944,16,0.0022253422,4.2659273
1,86431,0.05293807,38,0.11774394,3.6181426
1,86433,0.97930944,16,0.0022253422,4.2659273
1,86508,0.47698978,21,0.045540098,3.7047741
1,86591,0.024081202,62,0.115525536,3.3227425
1,86622,0.024081202,62,0.115525536,3.3227425
1,86656,0.02488324,62,0.11412462,3.3117135
1,86799,0.024302173,48,0.11905422,3.37622
1,86820,0.024302173,48,0.11905422,3.37622
1,86957,0.92911905,21,0.0063708145,3.9156425
1,86961,0.92911905,21,0.0063708145,3.9156425
1,86986,0.92911905,21,0.0063708145,3.9156425
1,87036,0.92911905,21,0.0063708145,3.9156425
1,87060,0.91387695,20,-0.008073244,3.9978328
1,87069,0.99756134,22,-0.0001782449,3.8872252
1,87072,0.99756134,22,-0.0001782449,3.8872252
1,87179,0.99756134,22,-0.0001782449,3.8872252
1,87184,0.99756134,22,-0.0001782449,3.8872252
1,87197,0.007902014,19,0.21361902,4.1760697
1,87212,0.7641289,8,0.033783473,4.9153852
1,87219,0.025750482,63,0.114006735,3.3194728
1,87222,0.025750482,63,0.114006735,3.3194728
1,87282,0.032193836,54,0.10720106,3.2838314
1,87302,0.8992159,13,0.010886609,4.292674
1,87304,0.02967192,56,0.10807896,3.272912
1,87306,0.02967192,56,0.10807896,3.272912
1,87317,0.025750482,63,0.114006735,3.3194728
1,87387,0.7889067,7,0.030551657,4.948833
1,87607,0.8660802,8,0.0176133,4.733003
1,87614,0.8660802,8,0.0176133,4.733003
1,87627,0.82894546,10,0.018997759,4.342461
1,87654,0.9632705,12,-0.004042181,4.337135
1,87682,0.02785321,68,0.107748225,3.2491148
1,87728,0.02785321,68,0.107748225,3.2491148
1,87777,0.9314532,10,-0.008371889,4.5679364
1,87791,0.037877798,63,0.09417713,3.1245008
1,87862,0.8660802,8,0.0176133,4.733003
1,88087,0.007902014,19,0.21361902,4.1760697
1,88229,0.9314532,10,-0.008371889,4.5679364
1,88286,0.3474455,27,0.055883545,3.569773
1,88298,0.3862344,32,0.049061917,3.4824102
1,88300,0.9122144,43,0.005543148,3.278624
1,88419,0.5110198,52,0.03297954,3.2763486
1,88433,0.9409188,6,0.009746123,5.31581
1,88457,0.9409188,6,0.009746123,5.31581
1,88498,0.52016634,22,0.04135428,3.712124
1,88633,0.55488926,31,0.035300855,3.5778782
1,88658,0.53168046,27,0.037123825,3.5653398
1,88754,0.9957761,26,0.00041423598,3.6184
1,89312,0.05266249,54,0.101424865,3.3540976
1,89630,0.43568435,13,0.063198574,4.169887
1,89635,0.9409188,6,0.009746123,5.31581
1,89754,0.5086595,14,0.052450843,4.1231227
1,89986,0.7392652,6,0.040585406,5.1181197
1,90018,0.7392652,6,0.040585406,5.1181197
1,90036,0.7392652,6,0.040585406,5.1181197
1,90051,0.7392652,6,0.040585406,5.1181197
1,90053,0.7392652,6,0.040585406,5.1181197
1,90054,0.7392652,6,0.040585406,5.1181197
1,90210,0.7392652,6,0.040585406,5.1181197
1,90249,0.7550125,12,0.029564502,4.505642
1,90340,0.7392652,6,0.040585406,5.1181197
1,90343,0.9409188,6,0.009746123,5.31581
1,90461,0.98241585,7,0.0025862204,5.009611
1,90491,0.9409188,6,0.009746123,5.31581
1,90571,0.73682904,41,-0.017551918,3.3425915
1,90606,0.8417589,31,0.012033939,3.5895314
1,90809,0.70071626,67,-0.019849237,3.3241765
1,90864,0.038187157,24,-0.12976344,3.6761303
1,90945,0.08447086,21,0.12718126,3.9832566
1,91020,0.42684397,27,0.055418745,3.863588
1,91172,0.43568435,13,0.063198574,4.169887
1,91267,0.9314532,10,-0.008371889,4.5679364
1,91369,0.54150355,37,0.03551729,3.5277476
1,91439,0.9409188,6,0.009746123,5.31581
1,91674,0.9409188,6,0.009746123,5.31581
1,91707,0.9409188,6,0.009746123,5.31581
1,91709,0.9409188,6,0.009746123,5.31581
1,91745,0.9409188,6,0.009746123,5.31581
1,92087,0.9409188,6,0.009746123,5.31581
1,92165,0.9409188,6,0.009746123,5.31581
1,92170,0.073830076,47,0.09679866,3.4124472
1,92239,0.9409188,6,0.009746123,5.31581
1,92270,0.9409188,6,0.009746123,5.31581
1,92273,0.84293497,8,0.02163374,4.83963
1,92281,0.9409188,6,0.009746123,5.31581
1,92353,0.16353865,33,0.08131043,3.5398278
1,92437,0.9409188,6,0.009746123,5.31581
1,92507,0.09244768,66,0.083599076,3.2657545
1,92532,0.9409188,6,0.009746123,5.31581
1,92606,0.9409188,6,0.009746123,5.31581
1,92720,0.9409188,6,0.009746123,5.31581
1,92741,0.9409188,6,0.009746123,5.31581
1,92807,0.08158682,19,0.12919056,3.9960675
1,92866,0.95764005,10,0.0049253735,4.453474
1,92879,0.9409188,6,0.009746123,5.31581
1,92965,0.9409188,6,0.009746123,5.31581
1,92987,0.9409188,6,0.009746123,5.31581
1,92999,0.9409188,6,0.009746123,5.31581
1,93036,0.23826529,43,0.060643706,3.3207347
1,93170,0.9409188,6,0.009746123,5.31581
1,93207,0.29301703,45,0.052923538,3.2837605
1,93221,0.9409188,6,0.009746123,5.31581
1,93234,0.9409188,6,0.009746123,5.31581
1,93236,0.9409188,6,0.009746123,5.31581
1,93249,0.9409188,6,0.009746123,5.31581
1,93329,0.9409188,6,0.009746123,5.31581
1,93562,0.93541056,7,0.009609286,5.041693
1,93578,0.9409188,6,0.009746123,5.31581
1,93608,0.9409188,6,0.009746123,5.31581
1,93726,0.9409188,6,0.009746123,5.31581
1,93740,0.9484761,7,0.007603187,5.027075
1,93884,0.9409188,6,0.009746123,5.31581
1,93923,0.9409188,6,0.009746123,5.31581
1,93985,0.9409188,6,0.009746123,5.31581
1,94071,0.9409188,6,0.009746123,5.31581
1,94127,0.9409188,6,0.009746123,5.31581
1,94295,0.09244768,66,0.083599076,3.2657545
1,94307,0.9409188,6,0.009746123,5.31581
1,94394,0.9409188,6,0.009746123,5.31581
1,94839,0.9314532,10,-0.008371889,4.5679364
1,94872,0.9409188,6,0.009746123,5.31581
1,95018,0.9409188,6,0.009746123,5.31581
1,95057,0.9409188,6,0.009746123,5.31581
1,95106,0.9409188,6,0.009746123,5.31581
1,95120,0.43568435,13,0.063198574,4.169887
1,95153,0.9409188,6,0.009746123,5.31581
1,95207,0.9409188,6,0.009746123,5.31581
1,95225,0.15481153,68,0.06272413,3.0746942
1,95267,0.9409188,6,0.009746123,5.31581
1,95301,0.9409188,6,0.009746123,5.31581
1,95477,0.9409188,6,0.009746123,5.31581
1,95608,0.39805108,12,0.07124794,4.253242
1,95653,0.9409188,6,0.009746123,5.31581
1,95749,0.99191195,14,0.00064114714,3.748019
1,95962,0.9409188,6,0.009746123,5.31581
1,96024,0.9409188,6,0.009746123,5.31581
1,96026,0.9409188,6,0.009746123,5.31581
1,96210,0.9409188,6,0.009746123,5.31581
1,96232,0.75964993,7,0.036746033,5.078395
1,96253,0.9409188,6,0.009746123,5.31581
1,96274,0.9409188,6,0.009746123,5.31581
1,96303,0.9409188,6,0.009746123,5.31581
1,96305,0.9409188,6,0.009746123,5.31581
1,96323,0.9409188,6,0.009746123,5.31581
1,96337,0.9409188,6,0.009746123,5.31581
1,96444,0.9409188,6,0.009746123,5.31581
1,96449,0.06332391,51,0.09642314,3.3398223
1,96459,0.9615331,6,0.005452089,4.9204826
1,96521,0.98019016,12,0.0020605996,4.204938
1,96660,0.9409188,6,0.009746123,5.31581
1,96703,0.9409188,6,0.009746123,5.31581
1,96726,0.9409188,6,0.009746123,5.31581
1,96745,0.9409188,6,0.009746123,5.31581
1,96770,0.9707424,11,0.0033346843,4.4192386
1,97435,0.90849733,10,0.011571549,4.6472597
1,97473,0.4458575,38,0.042198837,3.4425542
1,97902,0.975617,12,0.0025520176,4.220841
1,97990,0.75964993,7,0.036746033,5.078395
1,98215,0.09244768,66,0.083599076,3.2657545
1,98317,0.16353865,33,0.08131043,3.5398278
1,98359,0.9314532,10,-0.008371889,4.5679364
1,98388,0.9314532,10,-0.008371889,4.5679364
1,98617,0.09162066,22,0.121006384,3.9285316
1,99001,0.20103507,39,0.07057605,3.4410424
1,99297,0.123178326,24,0.105367094,3.8326144
1,99351,0.9615331,6,0.005452089,4.9204826
1,99413,0.9615331,6,0.005452089,4.9204826
1,99456,0.074642666,63,0.08858913,3.2669084
1,99562,0.23938033,42,0.060681023,3.325773
1,99604,0.48204535,24,0.051063057,3.9443562
1,99681,0.53870237,23,0.04589372,3.9984844
1,99773,0.48204535,24,0.051063057,3.9443562
1,99774,0.48204535,24,0.051063057,3.9443562
1,99783,0.22577341,47,0.0611876,3.2902381
1,99785,0.22411977,47,0.05479118,3.1079874
1,99805,0.22369383,46,0.06180747,3.2994938
1,99956,0.48204535,24,0.051063057,3.9443562
1,100013,0.48204535,24,0.051063057,3.9443562
1,100027,0.48204535,24,0.051063057,3.9443562
1,100099,0.16980875,57,0.069639035,3.2986212
1,100144,0.48204535,24,0.051063057,3.9443562
1,100223,0.09162066,22,0.121006384,3.9285316
1,100314,0.065919064,56,0.09479191,3.32746
1,100370,0.065195605,55,0.09522043,3.3305485
1,100377,0.4138232,19,0.065580174,4.1476755
1,100501,0.083378024,62,0.09102376,3.3596935
1,100547,0.75964993,7,0.036746033,5.078395
1,100816,0.8497309,20,0.01407834,3.990021
1,100832,0.04765726,50,0.11702093,3.5661933
1,100847,0.9707424,11,0.0033346843,4.4192386
1,100849,0.9707424,11,0.0033346843,4.4192386
1,100898,0.06055761,53,0.09744388,3.3399146
1,102086,0.9218203,8,-0.010722258,4.844926
1,102157,0.9720937,20,-0.0024973191,3.9213374
1,102292,0.9508324,18,0.0046470426,4.017358
1,102344,0.9573607,7,-0.00591103,4.872404
1,103059,0.42278346,22,0.060426164,4.019469
1,103175,0.100460365,19,0.12384954,4.0286
1,103216,0.9314532,10,-0.008371889,4.5679364
1,103453,0.9148764,18,0.007635001,3.9111786
1,103654,0.5791312,17,0.04036334,3.9486187
1,103749,0.5791312,17,0.04036334,3.9486187
1,103829,0.88897574,7,0.015450443,4.8743057
1,103916,0.88897574,7,0.015450443,4.8743057
1,103963,0.73989165,9,0.03387937,4.6782293
1,104042,0.51244414,27,0.040950835,3.6582818
1,104044,0.51244414,27,0.040950835,3.6582818
1,104045,0.51244414,27,0.040950835,3.6582818
1,104192,0.12960458,26,0.09914835,3.7489514
1,104250,0.91184556,6,0.013036881,5.030227
1,104388,0.9074404,11,-0.010916738,4.487098
1,104831,0.03901679,49,0.1201764,3.540274
1,105029,0.79492635,8,0.027304169,4.7482243
1,105064,0.47382054,31,-0.038982093,3.4140027
1,105136,0.07372647,21,0.12949966,3.9485166
1,105276,0.80958545,7,0.028148554,5.007649
1,105282,0.06626335,25,0.12373151,3.807391
1,105323,0.9249448,15,0.00759675,4.1595173
1,105604,0.108513705,30,0.10070823,3.6704717
1,105788,0.92895234,8,0.010125488,4.9348774
1,105905,0.92895234,8,0.010125488,4.9348774
1,105924,0.92895234,8,0.010125488,4.9348774
1,105986,0.7147403,6,0.0477944,5.3013587
1,106014,0.87834126,25,0.010241356,3.784914
1,106060,0.80958545,7,0.028148554,5.007649
1,106080,0.013190259,28,0.17549397,3.9137251
1,106085,0.92895234,8,0.010125488,4.9348774
1,106128,0.575744,37,0.03236646,3.5165172
1,106129,0.575744,37,0.03236646,3.5165172
1,106162,0.8520691,23,0.01309045,3.8769808
1,106212,0.92895234,8,0.010125488,4.9348774
1,106224,0.92895234,8,0.010125488,4.9348774
1,106252,0.92895234,8,0.010125488,4.9348774
1,106345,0.92895234,8,0.010125488,4.9348774
1,106374,0.80958545,7,0.028148554,5.007649
1,106470,0.92895234,8,0.010125488,4.9348774
1,106490,0.92895234,8,0.010125488,4.9348774
1,106521,0.80958545,7,0.028148554,5.007649
1,106568,0.8497309,20,0.01407834,3.990021
1,106606,0.9615331,6,0.005452089,4.9204826
1,106628,0.8262373,28,0.014452519,3.753117
1,107090,0.85823447,14,0.015861401,4.359667
1,107144,0.95211613,10,0.005794929,4.5551558
1,107207,0.92895234,8,0.010125488,4.9348774
1,107322,0.92895234,8,0.010125488,4.9348774
1,107510,0.92895234,8,0.010125488,4.9348774
1,107559,0.92895234,8,0.010125488,4.9348774
1,107598,0.92895234,8,0.010125488,4.9348774
1,107599,0.92895234,8,0.010125488,4.9348774
1,107615,0.80958545,7,0.028148554,5.007649
1,107661,0.827035,8,0.023311812,4.784295
1,107710,0.86469305,8,0.019336905,4.932672
1,107727,0.86649495,15,0.014155962,4.245222
1,107734,0.86649495,15,0.014155962,4.245222
1,107949,0.7064532,21,0.027437493,3.9496875
1,108399,0.18611038,66,0.06553159,3.2593405
1,108400,0.018170068,29,0.15804856,3.8025243
1,108632,0.5908258,22,0.037147064,3.8455975
1,108689,0.4047894,13,0.07125378,4.2817054
1,108696,0.044112276,39,0.111670524,3.4533277
1,108887,0.3336999,12,0.08772267,4.413835
1,108934,0.0012891362,24,-0.22233126,3.8844116
1,108990,0.9372711,54,-0.003865704,3.2383804
1,109257,0.47537652,67,0.03575018,3.2731714
1,109312,0.47537652,67,0.03575018,3.2731714
1,109325,0.47537652,67,0.03575018,3.2731714
1,109405,0.47537652,67,0.03575018,3.2731714
1,109472,0.13556111,49,0.07851783,3.3584888
1,109627,0.47641027,65,0.03549301,3.2659237
1,109804,0.47184294,64,0.036065787,3.2752705
1,109855,0.93992424,14,0.006032159,4.140188
1,109984,0.47184294,64,0.036065787,3.2752705
1,110059,0.13738002,55,0.07762251,3.3482196
1,111827,0.70930254,9,0.03925611,4.7520823
1,111864,0.08639775,44,0.097823516,3.4988472
1,111997,0.28248942,18,0.08289759,4.069334
1,112134,0.47184294,64,0.036065787,3.2752705
1,112771,0.2472561,16,0.095337555,4.2074113
1,112773,0.70930254,9,0.03925611,4.7520823
1,112907,0.48898774,66,0.03443843,3.2634687
1,113076,0.20567632,7,0.13461185,4.7876897
1,113219,0.77362156,10,0.029466916,4.686518
1,114034,0.27461958,23,-0.069664024,3.6993032
1,114042,0.70930254,9,0.03925611,4.7520823
1,114076,0.70930254,9,0.03925611,4.7520823
1,114135,0.20567632,7,0.13461185,4.7876897
1,114187,0.3033178,20,0.07402109,3.9282014
1,114333,0.050295442,37,0.11791049,3.6014283
1,114648,0.087733194,43,0.09705831,3.49244
1,114701,0.28248942,18,0.08289759,4.069334
1,114737,0.34128228,40,-0.05408726,3.4905634
1,114792,0.28248942,18,0.08289759,4.069334
1,114915,0.27499515,28,-0.06356767,3.534547
1,115320,0.26643774,26,-0.06679113,3.5911393
1,115566,0.0072072353,65,0.14491326,3.4147086
1,115593,0.27461958,23,-0.069664024,3.6993032
1,115688,0.0076890406,51,0.1494178,3.484042
1,115778,0.97751945,8,0.003202267,4.911392
1,116167,0.02981773,32,0.14008735,3.7299008
1,116183,0.27461958,23,-0.069664024,3.6993032
1,116486,0.0025017338,6,-0.33864328,4.949161
1,116660,0.2534903,12,0.09651881,4.262305
1,116906,0.26587805,13,0.08893518,4.143881
1,117199,0.16940263,50,0.0697731,3.3001533
1,117223,0.92197156,23,-0.0064484673,3.7551177
1,117226,0.92197156,23,-0.0064484673,3.7551177
1,117229,0.92197156,23,-0.0064484673,3.7551177
1,117234,0.92197156,23,-0.0064484673,3.7551177
1,117241,0.92197156,23,-0.0064484673,3.7551177
1,117247,0.92197156,23,-0.0064484673,3.7551177
1,117286,0.92197156,23,-0.0064484673,3.7551177
1,117328,0.008373179,68,0.13790968,3.3621645
1,117329,0.008373179,68,0.13790968,3.3621645
1,117331,0.008373179,68,0.13790968,3.3621645
1,117375,0.043323323,43,0.117467165,3.5368047
1,117379,0.060811535,65,0.09504835,3.3012419
1,117511,0.01586146,56,0.1282624,3.3879673
1,117592,0.018918138,54,0.12589912,3.4007921
1,117787,0.7433415,8,0.037229903,4.9367905
1,117997,0.036462232,45,0.11892697,3.4984477
1,118192,0.42223513,24,0.049096815,3.6196423
1,118441,0.053679325,50,0.10120754,3.35931
1,118507,0.2844177,17,0.0760522,3.9049256
1,118550,0.2844177,17,0.0760522,3.9049256
1,118551,0.2844177,17,0.0760522,3.9049256
1,118615,0.2534903,12,0.09651881,4.262305
1,118627,0.2534903,12,0.09651881,4.262305
1,118811,0.2600537,16,0.082570285,3.967445
1,118857,0.2600537,16,0.082570285,3.967445
1,118908,0.010716106,59,0.1307195,3.3268142
1,118910,0.010716106,59,0.1307195,3.3268142
1,118917,0.2600537,16,0.082570285,3.967445
1,118926,0.2600537,16,0.082570285,3.967445
1,118948,0.2600537,16,0.082570285,3.967445
1,119003,0.2600537,16,0.082570285,3.967445
1,119083,0.004440515,49,0.16318238,3.523141
1,119137,0.2844177,17,0.0760522,3.9049256
1,119155,0.2844177,17,0.0760522,3.9049256
1,119179,0.2844177,17,0.0760522,3.9049256
1,119191,0.3015156,18,0.07203282,3.8676753
1,119359,0.9097626,15,0.009055873,4.136385
1,119421,0.010973239,63,0.13131511,3.3409507
1,119470,0.8410467,21,0.013776235,3.8337498
1,119479,0.96176535,24,0.0031601107,3.75166
1,120049,0.0032846476,49,0.17419904,3.5823221
1,120328,0.14235812,66,0.077760875,3.371567
1,120370,0.37219143,15,0.07055797,4.117452
1,120376,0.45705336,24,0.04122182,3.444845
1,120456,0.042104304,35,0.1225728,3.6046567
1,120471,0.30764115,14,0.08273492,4.173023
1,120631,0.37219143,15,0.07055797,4.117452
1,120661,0.38245988,16,0.06717667,4.0607986
1,120787,0.38245988,16,0.06717667,4.0607986
1,121077,0.0028889528,49,0.17744376,3.5921824
1,121249,0.06058531,14,0.15532848,4.2250004
1,121364,0.9281657,17,0.006756437,4.0051117
1,122005,0.9247874,17,0.0071113976,4.014879
1,122503,0.5369212,21,0.040838562,3.7630596
1,122809,0.9311947,18,0.0063022897,3.950408
1,123276,0.2534903,12,0.09651881,4.262305
1,123313,0.5017782,19,0.046445668,3.848323
1,123331,0.95017326,9,-0.005972229,4.5248823
1,123838,0.9175899,9,-0.0097338855,4.4921865
1,123912,0.98909426,20,0.0009075985,3.8397424
1,123924,0.37219143,15,0.07055797,4.117452
1,124981,0.99228835,6,0.0010798443,4.8673754
1,125155,0.4669664,17,0.053350866,3.9640076
1,125868,0.9847714,7,0.002079673,4.79376
1,126251,0.27395725,11,0.08937666,4.1893926
1,126520,0.4888729,18,0.049371626,3.9089472
1,126609,0.9156077,16,0.0082318345,4.0781646
1,126927,0.9847714,7,0.002079673,4.79376
1,127093,0.0014369871,44,0.1979241,3.671589
1,127283,0.9847714,7,0.002079673,4.79376
1,127529,0.20567632,7,0.13461185,4.7876897
1,127891,0.34572554,16,0.07203466,4.047242
1,128116,0.8202787,50,0.011868923,3.3422713
1,128173,0.8387326,49,0.010507168,3.3221493
1,128182,0.8387326,49,0.010507168,3.3221493
1,128366,0.850681,49,0.009687886,3.3167212
1,128422,0.8485377,57,0.00934153,3.2339802
1,128445,0.0005682355,22,-0.25100932,3.9946773
1,128485,0.9041257,6,-0.015199237,5.211756
1,128728,0.016408438,52,0.12723057,3.3832226
1,129025,0.35516855,14,0.07413788,4.146877
1,129099,0.15763359,16,0.09971279,3.8935294
1,129125,0.35516855,14,0.07413788,4.146877
1,129141,0.2534903,12,0.09651881,4.262305
1,129157,0.35516855,14,0.07413788,4.146877
1,129158,0.35516855,14,0.07413788,4.146877
1,129171,0.35516855,14,0.07413788,4.146877
1,129192,0.35516855,14,0.07413788,4.146877
1,129312,0.35516855,14,0.07413788,4.146877
1,129372,0.35516855,14,0.07413788,4.146877
1,129419,0.35516855,14,0.07413788,4.146877
1,129441,0.35516855,14,0.07413788,4.146877
1,129451,0.9847714,7,0.002079673,4.79376
1,129517,0.35516855,14,0.07413788,4.146877
1,129524,0.2534903,12,0.09651881,4.262305
1,129539,0.24548139,15,0.09117626,4.1038065
1,129564,0.9847714,7,0.002079673,4.79376
1,129573,0.9616104,6,0.006189294,5.260171
1,129607,0.26467618,51,0.058950737,3.364931
1,129841,0.0070235445,52,0.15078686,3.4767225
1,129994,0.9175899,9,-0.0097338855,4.4921865
1,130108,0.124258265,19,0.10696658,3.8667207
1,130139,0.124258265,19,0.10696658,3.8667207
1,130177,0.124258265,19,0.10696658,3.8667207
1,130421,0.11923574,27,0.1037267,3.7829099
1,130423,0.11923574,27,0.1037267,3.7829099
1,130856,0.018961791,20,-0.15245984,3.7498407
1,130857,0.9868679,7,0.0019746907,4.970597
1,130870,0.078339994,17,0.1321043,4.019873
1,130921,0.030082071,28,0.14086239,3.743291
1,131070,0.034995645,28,0.13925788,3.7726545
1,131281,0.020622374,57,0.11492285,3.270808
1,131301,0.33696434,14,0.079216816,4.2074304
1,131408,0.31118554,9,0.10058786,4.620513
1,131456,0.037900142,33,0.12958217,3.6664083
1,131494,0.006880413,55,0.14972523,3.4614344
1,131514,0.31118554,9,0.10058786,4.620513
1,131788,0.03182948,34,0.13232625,3.6437526
1,131792,0.41208565,18,0.061525658,4.007742
1,131883,0.070810236,16,0.13827915,4.0605135
1,131889,0.070810236,16,0.13827915,4.0605135
1,131977,0.070810236,16,0.13827915,4.0605135
1,132190,0.036233123,58,0.10853468,3.3407948
1,132268,0.033879597,57,0.11052578,3.3499722
1,132276,0.032427352,54,0.11159577,3.3527174
1,132288,0.033879597,57,0.11052578,3.3499722
1,132430,0.22728649,7,0.12290601,4.6814
1,132773,0.004973007,65,0.15352213,3.4402664
1,132803,0.41793957,14,0.066286124,4.1892853
1,132818,0.41793957,14,0.066286124,4.1892853
1,132825,0.41793957,14,0.066286124,4.1892853
1,132898,0.43366402,15,0.061768547,4.1128464
1,133021,0.41793957,14,0.066286124,4.1892853
1,133090,0.41793957,14,0.066286124,4.1892853
1,133117,0.41793957,14,0.066286124,4.1892853
1,133144,0.21118027,15,0.09177299,3.9702086
1,133186,0.40711603,18,0.059001844,3.9058678
1,133321,0.39509815,17,0.0622282,3.9607165
1,133357,0.39509815,17,0.0622282,3.9607165
1,133360,0.39509815,17,0.0622282,3.9607165
1,133555,0.40918112,18,0.058713675,3.9049225
1,133591,0.39509815,17,0.0622282,3.9607165
1,133607,0.005606296,62,0.15287553,3.454938
1,133616,0.39509815,17,0.0622282,3.9607165
1,133626,0.40711603,18,0.059001844,3.9058678
1,133701,0.40711603,18,0.059001844,3.9058678
1,133790,0.39509815,17,0.0622282,3.9607165
1,133794,0.007425046,59,0.1459945,3.4349647
1,133809,0.39509815,17,0.0622282,3.9607165
1,133827,0.39509815,17,0.0622282,3.9607165
1,133835,0.39509815,17,0.0622282,3.9607165
1,133845,0.39509815,17,0.0622282,3.9607165
1,133847,0.39509815,17,0.0622282,3.9607165
1,133880,0.39509815,17,0.0622282,3.9607165
1,133893,0.39509815,17,0.0622282,3.9607165
1,133902,0.39509815,17,0.0622282,3.9607165
1,133922,0.28694844,18,0.0762134,3.9174974
1,133979,0.39509815,17,0.0622282,3.9607165
1,134063,0.41862318,19,0.056246605,3.860621
1,135133,0.008491189,57,0.14551538,3.456097
1,135402,0.290254,28,0.06497364,3.6289103
1,135493,0.290254,28,0.06497364,3.6289103
1,135500,0.290254,28,0.06497364,3.6289103
1,135519,0.290254,28,0.06497364,3.6289103
1,135587,0.008503626,63,0.14373843,3.4352179
1,135853,0.9159933,13,0.008855477,4.2409873
1,135972,0.9607689,6,-0.0056867637,4.9882784
1,135986,0.05872688,13,0.15745185,4.2383986
1,136175,0.99756134,10,-0.00021056831,4.872368
1,136188,0.05005517,56,0.09815852,3.2830553
1,136211,0.0155751305,62,0.1282479,3.3824224
1,136217,0.36966136,15,0.07675961,4.284968
1,136232,0.98191583,6,-0.0029855892,5.344493
1,136241,0.98191583,6,-0.0029855892,5.344493
1,136267,0.98191583,6,-0.0029855892,5.344493
1,136341,0.005303767,66,0.15126885,3.4273078
1,136361,0.26730835,9,0.11530293,4.728044
1,136382,0.99756134,10,-0.00021056831,4.872368
1,136383,0.005303767,66,0.15126885,3.4273078
1,136399,0.99756134,10,-0.00021056831,4.872368
1,136416,0.7789274,30,0.017170671,3.618059
1,136467,0.27061403,55,0.055271752,3.2784612
1,136588,0.9159933,13,0.008855477,4.2409873
1,136717,0.009199624,67,0.14165673,3.4291422
1,136773,0.022566704,65,0.111710444,3.249849
1,136774,0.8653414,27,0.010548916,3.6483586
1,136778,0.8653414,27,0.010548916,3.6483586
1,136793,0.8653414,27,0.010548916,3.6483586
1,136834,0.92870295,22,0.006236566,3.8613274
1,136866,0.8653414,27,0.010548916,3.6483586
1,136978,0.42353997,34,0.044744864,3.460463
1,137104,0.08762992,38,0.08973961,3.360498
1,137134,0.04689922,34,0.11528124,3.5341954
1,137446,0.05872688,13,0.15745185,4.2383986
1,137545,0.05123451,54,0.09917634,3.3072164
1,137795,0.17233764,27,0.084886864,3.6538997
1,137801,0.17233764,27,0.084886864,3.6538997
1,137805,0.1950699,43,0.0669959,3.3302023
1,137819,0.1950699,43,0.0669959,3.3302023
1,137820,0.009199624,67,0.14165673,3.4291422
1,137821,0.17233764,27,0.084886864,3.6538997
1,137826,0.1950699,43,0.0669959,3.3302023
1,137837,0.17233764,27,0.084886864,3.6538997
1,137959,0.17233764,27,0.084886864,3.6538997
1,138060,0.17233764,27,0.084886864,3.6538997
1,138086,0.17233764,27,0.084886864,3.6538997
1,138094,0.25139233,11,0.098570056,4.2970533
1,138162,0.17233764,27,0.084886864,3.6538997
1,138165,0.17233764,27,0.084886864,3.6538997
1,138195,0.17233764,27,0.084886864,3.6538997
1,138196,0.17233764,27,0.084886864,3.6538997
1,138240,0.19516931,37,0.076599546,3.5614552
1,138242,0.19516931,37,0.076599546,3.5614552
1,138249,0.26730835,9,0.11530293,4.728044
1,138250,0.19516931,37,0.076599546,3.5614552
1,138254,0.19516931,37,0.076599546,3.5614552
1,138300,0.19516931,37,0.076599546,3.5614552
1,138325,0.19516931,37,0.076599546,3.5614552
1,138335,0.19516931,37,0.076599546,3.5614552
1,138393,0.19516931,37,0.076599546,3.5614552
1,138417,0.05872688,13,0.15745185,4.2383986
1,138420,0.05872688,13,0.15745185,4.2383986
1,138467,0.38512823,24,0.05260942,3.6029289
1,138627,0.05872688,13,0.15745185,4.2383986
1,138875,0.005893809,65,0.14968364,3.4297924
1,138951,0.07828527,14,0.14109065,4.1546297
1,138989,0.07828527,14,0.14109065,4.1546297
1,139040,0.26730835,9,0.11530293,4.728044
1,139139,0.26730835,9,0.11530293,4.728044
1,139226,0.05872688,13,0.15745185,4.2383986
1,139251,0.05872688,13,0.15745185,4.2383986
1,139393,0.00612885,65,0.14330517,3.363698
1,139559,0.8272851,7,0.022896584,4.744773
1,139589,0.30668908,48,0.055021636,3.3954341
1,139620,0.30668908,48,0.055021636,3.3954341
1,139701,0.30668908,48,0.055021636,3.3954341
1,139732,0.00612885,65,0.14330517,3.363698
1,139742,0.852246,9,0.017678116,4.511923
1,139831,0.30668908,48,0.055021636,3.3954341
1,139832,0.3558865,49,0.046477005,3.2830012
1,139991,0.30301932,47,0.055941418,3.4107854
1,140030,0.31759164,49,0.053418674,3.3833513
1,140041,0.009295153,62,0.13859212,3.3924608
1,140090,0.30668908,48,0.055021636,3.3954341
1,140209,0.9847714,7,0.002079673,4.79376
1,140216,0.26730835,9,0.11530293,4.728044
1,140259,0.30668908,48,0.055021636,3.3954341
1,140287,0.009295153,62,0.13859212,3.3924608
1,140411,0.7738581,31,0.01802948,3.6624022
1,140614,0.26730835,9,0.11530293,4.728044
1,140671,0.0073277326,63,0.14198343,3.3839283
1,140713,0.3161798,23,-0.06228769,3.651159
1,140847,0.99756134,10,-0.00021056831,4.872368
1,140908,0.1924844,15,0.10158446,4.0913844
1,140969,0.07255787,29,0.11275627,3.6747217
1,141125,0.032104794,25,0.14739439,3.8522267
1,141153,0.05872688,13,0.15745185,4.2383986
1,141156,0.032104794,25,0.14739439,3.8522267
1,141411,0.094324924,17,0.12355845,3.9865422
1,141556,0.0083653955,61,0.14367679,3.430853
1,141693,0.8430457,15,0.016520398,4.228321
1,141710,0.8424193,21,-0.014584355,3.9622273
1,141897,0.9847714,7,0.002079673,4.79376
1,142124,0.24491905,16,0.08686983,4.00407
1,142157,0.06805509,14,0.1477094,4.177057
1,142453,0.11549029,16,0.121729344,4.0790834
1,142636,0.2918563,36,0.06028316,3.5005794
1,142940,0.408417,35,0.047450352,3.5058131
1,143038,0.8843674,6,0.01621832,4.8961544
1,143199,0.9394821,11,-0.0077151433,4.667376
1,143272,0.99756134,10,-0.00021056831,4.872368
1,143389,0.22865993,60,0.06181045,3.3165264
1,143422,0.8843674,6,0.01621832,4.8961544
1,143436,0.60496485,29,-0.030371182,3.5455508
1,143468,0.26730835,9,0.11530293,4.728044
1,143509,0.26979306,57,0.05738049,3.3363204
1,143604,0.26979306,57,0.05738049,3.3363204
1,143605,0.05529073,16,-0.13961914,3.9642384
1,143629,0.22865993,60,0.06181045,3.3165264
1,143632,0.22865993,60,0.06181045,3.3165264
1,143704,0.9757392,59,0.0014486369,3.193509
1,143883,0.26730835,9,0.11530293,4.728044
1,143915,0.26730835,9,0.11530293,4.728044
1,143941,0.16869588,37,0.07895213,3.508685
1,143943,0.16869588,37,0.07895213,3.508685
1,143988,0.9847714,7,0.002079673,4.79376
1,144140,0.9935479,11,-0.0007605776,4.700893
1,144373,0.9840096,65,-0.00097069424,3.2410622
1,144410,0.25164238,59,0.056689873,3.2540987
1,144796,0.9935479,11,-0.0007605776,4.700893
1,144806,0.11902534,21,0.10565456,3.8170934
1,144810,0.26979306,57,0.05738049,3.3363204
1,144832,0.25856715,58,0.05827449,3.3231554
1,144872,0.11902534,21,0.10565456,3.8170934
1,145457,0.25620723,59,0.055182926,3.2263854
1,145567,0.09822122,19,0.11728736,3.906593
1,145734,0.9342747,16,0.00626285,4.032334
1,146182,0.4114047,40,-0.043155186,3.3549285
1,146220,0.82275987,51,-0.011705842,3.342999
1,146236,0.3440525,10,0.09039764,4.530287
1,146280,0.4114047,40,-0.043155186,3.3549285
1,146471,0.71165717,63,0.018582532,3.278867
1,146489,0.81249523,7,0.028103232,5.045384
1,146498,0.29853666,11,0.0951877,4.435218
1,146734,0.76638657,34,0.017462177,3.5446615
1,146853,0.18792579,6,0.14785975,4.920525
1,147110,0.45514387,66,0.037380986,3.2723787
1,147513,0.9841966,7,0.0025215354,5.193609
1,148108,0.8689895,9,-0.016413173,4.6202035
1,148345,0.44820598,31,-0.04307384,3.48837
1,148357,0.4063479,59,0.042489838,3.3088202
1,148601,0.34227198,65,0.046673283,3.2438037
1,148990,0.52703357,8,-0.06890479,4.8379765
1,149294,0.3366909,63,0.048595145,3.2907429
1,149437,0.39649817,59,0.042999476,3.2940183
1,149539,0.39277232,18,0.061961114,3.9431686
1,149905,0.9409188,6,0.009746123,5.31581
1,149992,0.29151082,62,0.053559985,3.297769
1,150210,0.023997126,27,0.1554181,3.8559976
1,150225,0.32234818,12,0.094327345,4.524907
1,150357,0.38955304,62,0.044177733,3.314436
1,150430,0.018480161,68,0.12329794,3.360291
1,150457,0.05958575,65,0.09742204,3.3346796
1,150846,0.9409188,6,0.009746123,5.31581
1,150866,0.22370565,9,0.1130884,4.47083
1,150919,0.7621658,7,0.03264383,4.8129363
1,150971,0.9425977,6,-0.008355923,4.9908905
1,150992,0.016445735,66,0.12669712,3.3747895
1,151180,0.28727704,14,0.08366889,4.1088057
1,151617,0.28686437,49,0.057276405,3.3926938
1,151942,0.71207225,10,0.035753384,4.555399
1,151971,0.24953099,11,0.100864165,4.3390417
1,152174,0.4973858,7,0.07604452,4.9059844
1,152621,0.22841746,13,0.09946832,4.2089148
1,152685,0.3416385,12,0.079891436,4.2445135
1,152792,0.8980838,7,-0.013407204,4.7405705
1,153047,0.9409188,6,0.009746123,5.31581
1,153104,0.3725387,16,0.05731983,3.7102184
1,153232,0.8701992,33,0.0099988775,3.6164124
1,153335,0.159164,7,0.14399815,4.6944356
1,153765,0.159164,7,0.14399815,4.6944356
1,154085,0.89073515,6,-0.015402123,4.9072533
1,154342,0.44713446,48,0.042337444,3.4519014
1,154367,0.785431,16,0.022853311,4.240618
1,154679,0.97549546,48,-0.0016379869,3.3608174
1,154887,0.85947245,12,-0.01596383,4.397847
1,154994,0.9409188,6,0.009746123,5.31581
1,155595,0.36338064,9,0.08868333,4.574488
1,155678,0.44597137,17,0.056600638,3.988137
1,155679,0.44597137,17,0.056600638,3.988137
1,155914,0.9021196,30,-0.007724408,3.665809
1,155921,0.4306774,16,0.0604087,4.0521483
1,155984,0.41783637,15,0.064018145,4.1142497
1,156078,0.9021196,30,-0.007724408,3.665809
1,156456,0.72744584,52,0.017702058,3.29567
1,156619,0.18008359,25,0.08021507,3.5828075
1,156628,0.06646249,23,0.13746753,4.016341
1,156735,0.11794289,44,0.0846771,3.4091306
1,157491,0.734803,29,-0.019480323,3.508409
1,157936,0.958993,10,0.00456059,4.3532166
1,157941,0.958993,10,0.00456059,4.3532166
1,157974,0.42508298,17,0.05738565,3.9251041
1,158164,0.040197473,8,0.2035475,4.631688
1,158233,0.8452779,55,0.010216132,3.3455021
1,158305,0.8452779,55,0.010216132,3.3455021
1,158554,0.9064586,18,-0.008587282,3.9574525
1,158596,0.9064586,18,-0.008587282,3.9574525
1,158640,0.8749953,36,0.009221306,3.5398948
1,158680,0.6773445,38,0.022174455,3.3771167
1,158716,0.39255634,16,-0.06298367,3.9751878
1,158842,0.8679239,37,0.009670471,3.5250704
1,158910,0.93158287,23,-0.0061621736,3.9190276
1,159122,0.3094487,44,0.055998597,3.4336655
1,159210,0.9203601,30,-0.006212093,3.6449997
1,159245,0.8812656,6,-0.016655203,4.893549
1,159434,0.66307527,63,0.02202959,3.2887967
1,159806,0.9809551,11,-0.0022215983,4.512756
1,159941,0.86896724,39,0.009563209,3.5200253
1,160043,0.55328286,29,-0.036010347,3.6063416
1,160515,0.91973203,13,0.008845827,4.337657
1,161227,0.23032606,6,0.12309134,4.699698
1,161527,0.9853688,17,0.001419161,4.03063
1,162028,0.9203601,30,-0.006212093,3.6449997
1,162616,0.02591631,66,0.11675958,3.361715
1,162764,0.004947782,7,-0.29585505,4.790409
1,162915,0.9409188,6,0.009746123,5.31581
1,162925,0.9409188,6,0.009746123,5.31581
1,163010,0.86310726,8,0.01701286,4.6004624
1,163082,0.07314184,24,0.13097835,3.9668515
1,163306,0.07820898,24,0.12823865,3.9588149
1,163333,0.13417612,39,0.08603324,3.5105276
1,163371,0.14887807,35,0.08577069,3.5715396
1,163492,0.89685035,31,0.006998146,3.3967946
1,163555,0.8888964,21,0.009756729,3.8656187
1,163569,0.78751427,47,0.014188118,3.3547556
1,163681,0.27139696,20,-0.07446733,3.8116968
1,163686,0.27139696,20,-0.07446733,3.8116968
1,163716,0.06646249,23,0.13746753,4.016341
1,163750,0.06646249,23,0.13746753,4.016341
1,163766,0.99268407,11,-0.0008456223,4.255216
1,163770,0.06646249,23,0.13746753,4.016341
1,163815,0.06646249,23,0.13746753,4.016341
1,163890,0.06646249,23,0.13746753,4.016341
1,164085,0.029803801,28,0.14410578,3.783175
1,164111,0.06646249,23,0.13746753,4.016341
1,164158,0.06646249,23,0.13746753,4.016341
1,164296,0.06646249,23,0.13746753,4.016341
1,164310,0.07314184,24,0.13097835,3.9668515
1,164375,0.15096672,43,0.08159737,3.492532
1,164393,0.9623129,20,0.0032484368,3.8421097
1,164413,0.95722175,18,0.0039290274,3.9555433
1,164414,0.14503847,41,0.08450336,3.5286183
1,164423,0.14503847,41,0.08450336,3.5286183
1,164432,0.14503847,41,0.08450336,3.5286183
1,164474,0.14503847,41,0.08450336,3.5286183
1,164495,0.06646249,23,0.13746753,4.016341
1,164553,0.9398257,11,-0.0069380524,4.4392643
1,164679,0.07048698,23,0.13281494,3.9762387
1,164708,0.06646249,23,0.13746753,4.016341
1,164775,0.0877441,6,-0.18605274,4.8517194
1,164815,0.07314184,24,0.13097835,3.9668515
1,164969,0.080305226,25,0.12476745,3.9183877
1,165017,0.06646249,23,0.13746753,4.016341
1,165023,0.06646249,23,0.13746753,4.016341
1,165037,0.06646249,23,0.13746753,4.016341
1,165082,0.0877441,6,-0.18605274,4.8517194
1,165153,0.06646249,23,0.13746753,4.016341
1,165162,0.06646249,23,0.13746753,4.016341
1,165164,0.06646249,23,0.13746753,4.016341
1,165168,0.06646249,23,0.13746753,4.016341
1,165386,0.91976887,10,0.009831887,4.5750127
1,165625,0.99268407,11,-0.0008456223,4.255216
1,165766,0.008892426,26,-0.15810663,3.6205146
1,165893,0.008892426,26,-0.15810663,3.6205146
1,165913,0.008892426,26,-0.15810663,3.6205146
1,165930,0.98293054,26,0.001350699,3.6747422
1,165984,0.07314184,24,0.13097835,3.9668515
1,166019,0.97284925,16,-0.0024369415,3.9262881
1,166030,0.17860696,27,-0.0784829,3.5402677
1,166071,0.008892426,26,-0.15810663,3.6205146
1,166133,0.31057787,22,-0.06413825,3.6836052
1,166150,0.31057787,22,-0.06413825,3.6836052
1,166156,0.31057787,22,-0.06413825,3.6836052
1,166179,0.30479848,21,-0.065502785,3.7005346
1,166334,0.0877441,6,-0.18605274,4.8517194
1,166386,0.27756324,17,-0.07515828,3.8545458
1,166465,0.06646249,23,0.13746753,4.016341
1,166850,0.07726888,38,0.10668885,3.5999599
1,166865,0.8973075,7,0.014787484,4.956108
1,167151,0.0877441,6,-0.18605274,4.8517194
1,167185,0.0877441,6,-0.18605274,4.8517194
1,167252,0.06646249,23,0.13746753,4.016341
1,167256,0.0877441,6,-0.18605274,4.8517194
1,167316,0.0877441,6,-0.18605274,4.8517194
1,167402,0.0877441,6,-0.18605274,4.8517194
1,167445,0.60967034,47,0.027566567,3.3982136
1,167463,0.60967034,47,0.027566567,3.3982136
1,167493,0.1203268,28,0.103722505,3.7884898
1,167541,0.0877441,6,-0.18605274,4.8517194
1,167679,0.0877441,6,-0.18605274,4.8517194
1,167692,0.028080411,20,-0.14578179,3.787892
1,167766,0.06646249,23,0.13746753,4.016341
1,167791,0.09550525,8,-0.16114986,4.5668035
